{"name":"Olivia Bennett","position":"Full Stack Developer","contactInformation":"+1-555-0200","email":"olivia.bennett@example.com","address":"789 Innovation Avenue, New York, NY","profilePicture":"https://example.com/profiles/olivia.jpg","socialMedia":[{"socialMedia":"LinkedIn","link":"https://linkedin.com/in/oliviabennett"},{"socialMedia":"GitHub","link":"https://github.com/oliviabennett"}],"summary":"Experienced Full Stack Developer with a Bachelor of Science in Computer Engineering from New York University. Proven ability to develop full-stack web applications, optimize database performance, and implement CI/CD pipelines. Skilled in Python, Django, React, and cloud technologies, with a strong focus on teamwork and problem-solving.","education":[{"school":"Bachelor of Science in Computer Engineering","degree":"Bachelor of Science in Computer Engineering","startYear":"2014","endYear":"2018"},{"school":"Manhattan College, NY","degree":"Intermediate (Science)","startYear":"2012","endYear":"2014"},{"school":"Riverdale High School, NY","degree":"Secondary School","startYear":"2000","endYear":"2012"}],"workExperience":[{"company":"NextGen Solutions","position":"Full Stack Developer","description":"New York, NY","keyAchievements":"Developed full-stack web applications using Django and React\nOptimized SQL queries and database performance\nImplemented CI/CD pipelines with Docker and GitHub Actions\nCollaborated with product team for feature development","startYear":"Jul 2018","endYear":"Present"},{"company":"TechBridge Inc","position":"Software Development Intern","description":"New York, NY","keyAchievements":"Assisted in building internal tools and APIs\nPerformed unit testing and debugging\nDocumented code and workflows for team use","startYear":"Jan 2018","endYear":"Jun 2018"}],"projects":[{"name":"Online Learning Platform","link":"https://github.com/oliviabennett/online-learning","description":"Built an online learning platform with course management and real-time quizzes.","keyAchievements":"Increased student engagement by 30%\nIntegrated real-time chat and notifications","startYear":"Feb 2018","endYear":"Jun 2018"},{"name":"API Analytics Dashboard","link":"https://github.com/oliviabennett/api-analytics","description":"Dashboard to monitor API usage, performance, and errors.","keyAchievements":"Reduced API response time by 20%\nAutomated alert notifications for failures","startYear":"Sep 2017","endYear":"Jan 2018"}],"skills":[{"title":"Technical Skills","skills":["Python","JavaScript","HTML","CSS","Django","React","Flask","PostgreSQL","MongoDB","Docker","Git","GitHub Actions"]},{"title":"Soft Skills","skills":["Teamwork","Problem Solving","Communication","Time Management"]}],"languages":["English","French"],"certifications":["AWS Certified Developer - Associate, 2019","Python for Data Analysis (Coursera), 2018","Certified Scrum Master (CSM), 2020"]}